{
    "loss": 1.1703665256500244,
    "accuracy": 0.8665077686309814
}